KEYWORD,,,
aish payday loans,Aish Payday Loans,aish-payday-loans.blade.php,https://www.megacashbucks.com/aish-payday-loans
bad credit loans alberta,Bad Credit Loans Alberta,bad-credit-loans-alberta.blade.php,https://www.megacashbucks.com/bad-credit-loans-alberta
bad credit loans british columbia,Bad Credit Loans British Columbia,bad-credit-loans-british-columbia.blade.php,https://www.megacashbucks.com/bad-credit-loans-british-columbia
bad credit loans calgary,Bad Credit Loans Calgary,bad-credit-loans-calgary.blade.php,https://www.megacashbucks.com/bad-credit-loans-calgary
bad credit loans canada,Bad Credit Loans Canada,bad-credit-loans-canada.blade.php,https://www.megacashbucks.com/bad-credit-loans-canada
bad credit loans edmonton,Bad Credit Loans Edmonton,bad-credit-loans-edmonton.blade.php,https://www.megacashbucks.com/bad-credit-loans-edmonton
bad credit loans manitoba,Bad Credit Loans Manitoba,bad-credit-loans-manitoba.blade.php,https://www.megacashbucks.com/bad-credit-loans-manitoba
bad credit loans new brunswick,Bad Credit Loans New Brunswick,bad-credit-loans-new-brunswick.blade.php,https://www.megacashbucks.com/bad-credit-loans-new-brunswick
bad credit loans newfoundland,Bad Credit Loans Newfoundland,bad-credit-loans-newfoundland.blade.php,https://www.megacashbucks.com/bad-credit-loans-newfoundland
bad credit loans nova scotia,Bad Credit Loans Nova Scotia,bad-credit-loans-nova-scotia.blade.php,https://www.megacashbucks.com/bad-credit-loans-nova-scotia
bad credit loans ontario,Bad Credit Loans Ontario,bad-credit-loans-ontario.blade.php,https://www.megacashbucks.com/bad-credit-loans-ontario
bad credit loans pei,Bad Credit Loans Pei,bad-credit-loans-pei.blade.php,https://www.megacashbucks.com/bad-credit-loans-pei
bad credit loans toronto,Bad Credit Loans Toronto,bad-credit-loans-toronto.blade.php,https://www.megacashbucks.com/bad-credit-loans-toronto
bad credit loans vancouver,Bad Credit Loans Vancouver,bad-credit-loans-vancouver.blade.php,https://www.megacashbucks.com/bad-credit-loans-vancouver
bad credit loans winnipeg,Bad Credit Loans Winnipeg,bad-credit-loans-winnipeg.blade.php,https://www.megacashbucks.com/bad-credit-loans-winnipeg
benefit payment dates,Benefit Payment Dates,benefit-payment-dates.blade.php,https://www.megacashbucks.com/benefit-payment-dates
best mobile loans app,Best Mobile Loans App,best-mobile-loans-app.blade.php,https://www.megacashbucks.com/best-mobile-loans-app
best payday loans,Best Payday Loans,best-payday-loans.blade.php,https://www.megacashbucks.com/best-payday-loans
budget payday loans calculator,Budget Payday Loans Calculator,budget-payday-loans-calculator.blade.php,https://www.megacashbucks.com/budget-payday-loans-calculator
budgeting,Budgeting,budgeting.blade.php,https://www.megacashbucks.com/budgeting
budgeting budget apps,Budgeting Budget Apps,budgeting-budget-apps.blade.php,https://www.megacashbucks.com/budgeting-budget-apps
budgeting budgeting tips,Budgeting Budgeting Tips,budgeting-budgeting-tips.blade.php,https://www.megacashbucks.com/budgeting-budgeting-tips
budgeting grocery budget,Budgeting Grocery Budget,budgeting-grocery-budget.blade.php,https://www.megacashbucks.com/budgeting-grocery-budget
budgeting household budget,Budgeting Household Budget,budgeting-household-budget.blade.php,https://www.megacashbucks.com/budgeting-household-budget
budgeting how to make a budget,Budgeting How To Make A Budget,budgeting-how-to-make-a-budget.blade.php,https://www.megacashbucks.com/budgeting-how-to-make-a-budget
budgeting rule,Budgeting Rule,budgeting-rule.blade.php,https://www.megacashbucks.com/budgeting-rule
canadian child benefit program,Canadian Child Benefit Program,canadian-child-benefit-program.blade.php,https://www.megacashbucks.com/canadian-child-benefit-program
car repair loans,Car Repair Loans,car-repair-loans.blade.php,https://www.megacashbucks.com/car-repair-loans
cpp payday loans,Cpp Payday Loans,cpp-payday-loans.blade.php,https://www.megacashbucks.com/cpp-payday-loans
credit score canada,Credit Score Canada,credit-score-canada.blade.php,https://www.megacashbucks.com/credit-score-canada
debt management,Debt Management,debt-management.blade.php,https://www.megacashbucks.com/debt-management
debt management plan,Debt Management Plan,debt-management-plan.blade.php,https://www.megacashbucks.com/debt-management-plan
direct lenders,Direct Lenders,direct-lenders.blade.php,https://www.megacashbucks.com/direct-lenders
e transfer payday loans,E Transfer Payday Loans,e-transfer-payday-loans.blade.php,https://www.megacashbucks.com/e-transfer-payday-loans
ei loans,Ei Loans,ei-loans.blade.php,https://www.megacashbucks.com/ei-loans
faxless payday loans,Faxless Payday Loans,faxless-payday-loans.blade.php,https://www.megacashbucks.com/faxless-payday-loans
gst hst credit,Gst Hst Credit,gst-hst-credit.blade.php,https://www.megacashbucks.com/gst-hst-credit
guaranteed approval loans poor credit,Guaranteed Approval Loans Poor Credit,guaranteed-approval-loans-poor-credit.blade.php,https://www.megacashbucks.com/guaranteed-approval-loans-poor-credit
how do i qualify for a payday loan,How Do I Qualify For A Payday Loan,how-do-i-qualify-for-a-payday-loan.blade.php,https://www.megacashbucks.com/how-do-i-qualify-for-a-payday-loan
how it works cash advance,How It Works Cash Advance,how-it-works-cash-advance.blade.php,https://www.megacashbucks.com/how-it-works-cash-advance
how to check your credit score,How To Check Your Credit Score,how-to-check-your-credit-score.blade.php,https://www.megacashbucks.com/how-to-check-your-credit-score
how to get loan,How To Get Loan,how-to-get-loan.blade.php,https://www.megacashbucks.com/how-to-get-loan
how to improve credit score,How To Improve Credit Score,how-to-improve-credit-score.blade.php,https://www.megacashbucks.com/how-to-improve-credit-score
loan agency,Loan Agency,loan-agency.blade.php,https://www.megacashbucks.com/loan-agency
loan places,Loan Places,loan-places.blade.php,https://www.megacashbucks.com/loan-places
loans self employed,Loans Self Employed,loans-self-employed.blade.php,https://www.megacashbucks.com/loans-self-employed
money lenders,Money Lenders,money-lenders.blade.php,https://www.megacashbucks.com/money-lenders
need money now,Need Money Now,need-money-now.blade.php,https://www.megacashbucks.com/need-money-now
new payday loan companies canada,New Payday Loan Companies Canada,new-payday-loan-companies-canada.blade.php,https://www.megacashbucks.com/new-payday-loan-companies-canada
one month payday loans,One Month Payday Loans,one-month-payday-loans.blade.php,https://www.megacashbucks.com/one-month-payday-loans
payday loan your rights,Payday Loan Your Rights,payday-loan-your-rights.blade.php,https://www.megacashbucks.com/payday-loan-your-rights
payday loans bad credit,Payday Loans Bad Credit,payday-loans-bad-credit.blade.php,https://www.megacashbucks.com/payday-loans-bad-credit
payday loans calculator canada,Payday Loans Calculator Canada,payday-loans-calculator-canada.blade.php,https://www.megacashbucks.com/payday-loans-calculator-canada
payday loans canada child benefit,Payday Loans Canada Child Benefit,payday-loans-canada-child-benefit.blade.php,https://www.megacashbucks.com/payday-loans-canada-child-benefit
payday loans ccb,Payday Loans Ccb,payday-loans-ccb.blade.php,https://www.megacashbucks.com/payday-loans-ccb
payday loans disability income canada,Payday Loans Disability Income Canada,payday-loans-disability-income-canada.blade.php,https://www.megacashbucks.com/payday-loans-disability-income-canada
payday loans ei,Payday Loans Ei,payday-loans-ei.blade.php,https://www.megacashbucks.com/payday-loans-ei
payday loans employment insurance,Payday Loans Employment Insurance,payday-loans-employment-insurance.blade.php,https://www.megacashbucks.com/payday-loans-employment-insurance
,,,
,,,
,,,
payday loans,,,https://www.megacashbucks.com/payday-loans
,,,
,,,
,,,
,,,
,,,
,,,
,,,
,,,
,,,
,,,
,,,
,,,
,,,
,,,
,,,
,,,
,,,
,,,
,,,
,,,
,,,
,,,
,,,
,,,
,,,
,,,
,,,
,,,
,,,
,,,
,,,
,,,
,,,
,,,
,,,
,,,
,,,
,,,
,,,
,,,
,,,
,,,
,,,
,,,
,,,
,,,
,,,
,,,
payday loans with government benefits,,,
payday loans wood buffalo,,,
personal loans canada,,,
personal loans for bad credit,,,
private lender loans,,,
quick cash,,,
quick loans canada,,,
responsible payday lending in canada,,,
same day loans,,,
same day payday loans,,,
short term loans canada,,,
single parent benefits,,,
single parent benefits alberta,,,
single parent benefits british columbia,,,
single parent benefits canada,,,
single parent benefits manitoba,,,
single parent benefits new brunswick,,,
single parent benefits newfoundland,,,
single parent benefits nova scotia,,,
single parent benefits ontario,,,
single parent benefits pei,,,
small loans,,,
unsecured loans,,,
unsecured personal loans bad credit instant decision canada,,,
warning signs of lending scams,,,
weekend payday loans,,,
what is a bad credit score,,,
what is a good credit score,,,
what is debt,,,
what is icash,,,
what is in a credit report,,,
why online loans canada,,,
